store_url,page_no
http://bj.lianjia.com/zufang/dongcheng/ra1rp1/,[1]
http://bj.lianjia.com/zufang/dongcheng/ra3rp3/,[1]
http://bj.lianjia.com/zufang/dongcheng/ra1rp2/,[1]
http://bj.lianjia.com/zufang/dongcheng/ra3rp4/,[1]
http://bj.lianjia.com/zufang/dongcheng/ra1rp3/,[1]
http://bj.lianjia.com/zufang/dongcheng/ra1rp4/,[1]
http://bj.lianjia.com/zufang/dongcheng/ra1rp5/,[1]
http://bj.lianjia.com/zufang/dongcheng/ra1rp6/,[1]
http://bj.lianjia.com/zufang/dongcheng/ra1rp7/,[1]
http://bj.lianjia.com/zufang/dongcheng/ra2rp2/,[1]
http://bj.lianjia.com/zufang/dongcheng/ra2rp3/,[1]
http://bj.lianjia.com/zufang/dongcheng/ra3rp7/,[1]
http://bj.lianjia.com/zufang/dongcheng/ra4rp3/,[1]
http://bj.lianjia.com/zufang/dongcheng/ra2rp4/,[1]
http://bj.lianjia.com/zufang/dongcheng/ra4rp4/,[1]
http://bj.lianjia.com/zufang/dongcheng/ra2rp5/,[1]
http://bj.lianjia.com/zufang/dongcheng/ra2rp6/,[1]
http://bj.lianjia.com/zufang/dongcheng/ra4rp5/,[1]
http://bj.lianjia.com/zufang/dongcheng/ra2rp7/,[1]
http://bj.lianjia.com/zufang/dongcheng/ra4rp6/,[1]
http://bj.lianjia.com/zufang/dongcheng/ra3rp2/,[1]
http://bj.lianjia.com/zufang/dongcheng/ra3rp6/,[1]
http://bj.lianjia.com/zufang/dongcheng/ra4rp7/,[1]
http://bj.lianjia.com/zufang/dongcheng/ra5rp3/,[1]
http://bj.lianjia.com/zufang/dongcheng/ra5rp6/,[1]
http://bj.lianjia.com/zufang/dongcheng/ra7rp6/,[1]
http://bj.lianjia.com/zufang/dongcheng/ra7rp7/,[1]
http://bj.lianjia.com/zufang/dongcheng/ra8rp7/,[1]
http://bj.lianjia.com/zufang/dongcheng/ra6rp7/,[1]
http://bj.lianjia.com/zufang/xicheng/ra1rp1/,[1]
http://bj.lianjia.com/zufang/dongcheng/ra5rp7/,[1]
http://bj.lianjia.com/zufang/xicheng/ra1rp2/,[1]
http://bj.lianjia.com/zufang/xicheng/ra1rp3/,[1]
http://bj.lianjia.com/zufang/xicheng/ra1rp5/,[1]
http://bj.lianjia.com/zufang/xicheng/ra1rp6/,[1]
http://bj.lianjia.com/zufang/xicheng/ra1rp7/,[1]
http://bj.lianjia.com/zufang/xicheng/ra2rp1/,[1]
http://bj.lianjia.com/zufang/xicheng/ra2rp2/,[1]
http://bj.lianjia.com/zufang/xicheng/ra2rp6/,[1]
http://bj.lianjia.com/zufang/xicheng/ra2rp7/,[1]
http://bj.lianjia.com/zufang/dongcheng/ra9rp7/,[1]
http://bj.lianjia.com/zufang/xicheng/ra3rp1/,[1]
http://bj.lianjia.com/zufang/xicheng/ra3rp2/,[1]
http://bj.lianjia.com/zufang/xicheng/ra3rp3/,[1]
http://bj.lianjia.com/zufang/xicheng/ra3rp4/,[1]
http://bj.lianjia.com/zufang/xicheng/ra1rp4/,[1]
http://bj.lianjia.com/zufang/xicheng/ra4rp2/,[1]
http://bj.lianjia.com/zufang/xicheng/ra2rp3/,[1]
http://bj.lianjia.com/zufang/xicheng/ra2rp4/,[1]
http://bj.lianjia.com/zufang/xicheng/ra2rp5/,[1]
http://bj.lianjia.com/zufang/xicheng/ra4rp3/,[1]
http://bj.lianjia.com/zufang/xicheng/ra4rp4/,[1]
http://bj.lianjia.com/zufang/xicheng/ra4rp5/,[1]
http://bj.lianjia.com/zufang/xicheng/ra5rp2/,[1]
http://bj.lianjia.com/zufang/xicheng/ra5rp3/,[1]
http://bj.lianjia.com/zufang/xicheng/ra3rp5/,[1]
http://bj.lianjia.com/zufang/xicheng/ra3rp6/,[1]
http://bj.lianjia.com/zufang/xicheng/ra3rp7/,[1]
http://bj.lianjia.com/zufang/xicheng/ra5rp4/,[1]
http://bj.lianjia.com/zufang/xicheng/ra5rp6/,[1]
http://bj.lianjia.com/zufang/xicheng/ra4rp6/,[1]
http://bj.lianjia.com/zufang/xicheng/ra4rp7/,[1]
http://bj.lianjia.com/zufang/xicheng/ra6rp6/,[1]
http://bj.lianjia.com/zufang/xicheng/ra6rp7/,[1]
http://bj.lianjia.com/zufang/xicheng/ra7rp3/,[1]
http://bj.lianjia.com/zufang/xicheng/ra7rp5/,[1]
http://bj.lianjia.com/zufang/xicheng/ra5rp7/,[1]
http://bj.lianjia.com/zufang/chaoyang/ra1rp1/,[1]
http://bj.lianjia.com/zufang/xicheng/ra7rp7/,[1]
http://bj.lianjia.com/zufang/chaoyang/ra1rp2/,[1]
http://bj.lianjia.com/zufang/chaoyang/ra1rp3/,[1]
http://bj.lianjia.com/zufang/chaoyang/ra1rp4/,[1]
http://bj.lianjia.com/zufang/chaoyang/ra1rp5/,[1]
http://bj.lianjia.com/zufang/chaoyang/ra1rp6/,[1]
http://bj.lianjia.com/zufang/chaoyang/ra1rp7/,[1]
http://bj.lianjia.com/zufang/xicheng/ra8rp7/,[1]
http://bj.lianjia.com/zufang/chaoyang/ra2rp1/,[1]
http://bj.lianjia.com/zufang/chaoyang/ra2rp2/,[1]
http://bj.lianjia.com/zufang/chaoyang/ra2rp5/,[1]
http://bj.lianjia.com/zufang/chaoyang/ra2rp6/,[1]
http://bj.lianjia.com/zufang/xicheng/ra9rp7/,[1]
http://bj.lianjia.com/zufang/chaoyang/ra2rp7/,[1]
http://bj.lianjia.com/zufang/chaoyang/ra3rp1/,[1]
http://bj.lianjia.com/zufang/chaoyang/ra3rp2/,[1]
http://bj.lianjia.com/zufang/chaoyang/ra3rp3/,[1]
http://bj.lianjia.com/zufang/chaoyang/ra3rp5/,[1]
http://bj.lianjia.com/zufang/chaoyang/ra3rp6/,[1]
http://bj.lianjia.com/zufang/chaoyang/ra3rp7/,[2]
http://bj.lianjia.com/zufang/chaoyang/ra4rp1/,[1]
http://bj.lianjia.com/zufang/chaoyang/ra4rp2/,[1]
http://bj.lianjia.com/zufang/chaoyang/ra2rp3/,[1]
http://bj.lianjia.com/zufang/chaoyang/ra2rp4/,[1]
http://bj.lianjia.com/zufang/chaoyang/ra4rp4/,[1]
http://bj.lianjia.com/zufang/chaoyang/ra4rp7/,[2]
http://bj.lianjia.com/zufang/chaoyang/ra5rp1/,[1]
http://bj.lianjia.com/zufang/chaoyang/ra5rp2/,[1]
http://bj.lianjia.com/zufang/chaoyang/ra5rp3/,[1]
http://bj.lianjia.com/zufang/chaoyang/ra3rp4/,[1]
http://bj.lianjia.com/zufang/chaoyang/ra5rp4/,[1]
http://bj.lianjia.com/zufang/chaoyang/ra5rp6/,[1]
http://bj.lianjia.com/zufang/chaoyang/ra6rp1/,[1]
http://bj.lianjia.com/zufang/chaoyang/ra4rp3/,[1]
http://bj.lianjia.com/zufang/chaoyang/ra6rp2/,[1]
http://bj.lianjia.com/zufang/chaoyang/ra6rp3/,[1]
http://bj.lianjia.com/zufang/chaoyang/ra6rp4/,[1]
http://bj.lianjia.com/zufang/chaoyang/ra4rp5/,[1]
http://bj.lianjia.com/zufang/chaoyang/ra4rp6/,[1]
http://bj.lianjia.com/zufang/chaoyang/ra6rp5/,[1]
http://bj.lianjia.com/zufang/chaoyang/ra6rp6/,[1]
http://bj.lianjia.com/zufang/chaoyang/ra6rp7/,[1]
http://bj.lianjia.com/zufang/chaoyang/ra7rp1/,[1]
http://bj.lianjia.com/zufang/chaoyang/ra7rp2/,[1]
http://bj.lianjia.com/zufang/chaoyang/ra7rp3/,[1]
http://bj.lianjia.com/zufang/chaoyang/ra5rp5/,[1]
http://bj.lianjia.com/zufang/chaoyang/ra7rp4/,[1]
http://bj.lianjia.com/zufang/chaoyang/ra5rp7/,[2]
http://bj.lianjia.com/zufang/chaoyang/ra7rp5/,[1]
http://bj.lianjia.com/zufang/chaoyang/ra7rp6/,[1]
http://bj.lianjia.com/zufang/chaoyang/ra7rp7/,[1]
http://bj.lianjia.com/zufang/chaoyang/ra8rp1/,[1]
http://bj.lianjia.com/zufang/chaoyang/ra8rp2/,[1]
http://bj.lianjia.com/zufang/chaoyang/ra8rp3/,[1]
http://bj.lianjia.com/zufang/chaoyang/ra8rp7/,[1]
http://bj.lianjia.com/zufang/chaoyang/ra9rp1/,[1]
http://bj.lianjia.com/zufang/chaoyang/ra9rp7/,[1]
http://bj.lianjia.com/zufang/haidian/ra1rp1/,[1]
http://bj.lianjia.com/zufang/haidian/ra1rp2/,[1]
http://bj.lianjia.com/zufang/haidian/ra1rp3/,[1]
http://bj.lianjia.com/zufang/haidian/ra1rp5/,[1]
http://bj.lianjia.com/zufang/haidian/ra1rp6/,[1]
http://bj.lianjia.com/zufang/haidian/ra1rp7/,[1]
http://bj.lianjia.com/zufang/haidian/ra2rp2/,[1]
http://bj.lianjia.com/zufang/haidian/ra2rp3/,[1]
http://bj.lianjia.com/zufang/haidian/ra2rp4/,[1]
http://bj.lianjia.com/zufang/haidian/ra2rp6/,[1]
http://bj.lianjia.com/zufang/haidian/ra2rp7/,[1]
http://bj.lianjia.com/zufang/haidian/ra3rp2/,[1]
http://bj.lianjia.com/zufang/haidian/ra3rp3/,[1]
http://bj.lianjia.com/zufang/haidian/ra3rp5/,[1]
http://bj.lianjia.com/zufang/haidian/ra1rp4/,[1]
http://bj.lianjia.com/zufang/haidian/ra3rp7/,[1]
http://bj.lianjia.com/zufang/haidian/ra4rp2/,[1]
http://bj.lianjia.com/zufang/haidian/ra4rp3/,[1]
http://bj.lianjia.com/zufang/haidian/ra4rp4/,[1]
http://bj.lianjia.com/zufang/haidian/ra4rp5/,[1]
http://bj.lianjia.com/zufang/haidian/ra2rp5/,[1]
http://bj.lianjia.com/zufang/haidian/ra4rp6/,[1]
http://bj.lianjia.com/zufang/haidian/ra4rp7/,[1]
http://bj.lianjia.com/zufang/haidian/ra5rp2/,[1]
http://bj.lianjia.com/zufang/haidian/ra5rp3/,[1]
http://bj.lianjia.com/zufang/haidian/ra3rp4/,[1]
http://bj.lianjia.com/zufang/haidian/ra5rp4/,[1]
http://bj.lianjia.com/zufang/haidian/ra5rp5/,[1]
http://bj.lianjia.com/zufang/haidian/ra3rp6/,[1]
http://bj.lianjia.com/zufang/haidian/ra5rp6/,[1]
http://bj.lianjia.com/zufang/haidian/ra5rp7/,[1]
http://bj.lianjia.com/zufang/haidian/ra6rp2/,[1]
http://bj.lianjia.com/zufang/haidian/ra6rp3/,[1]
http://bj.lianjia.com/zufang/haidian/ra6rp4/,[1]
http://bj.lianjia.com/zufang/haidian/ra6rp6/,[1]
http://bj.lianjia.com/zufang/haidian/ra6rp7/,[1]
http://bj.lianjia.com/zufang/haidian/ra7rp1/,[1]
http://bj.lianjia.com/zufang/haidian/ra7rp7/,[1]
http://bj.lianjia.com/zufang/haidian/ra8rp3/,[1]
http://bj.lianjia.com/zufang/haidian/ra8rp4/,[1]
http://bj.lianjia.com/zufang/haidian/ra8rp7/,[1]
http://bj.lianjia.com/zufang/haidian/ra9rp1/,[1]
http://bj.lianjia.com/zufang/haidian/ra9rp3/,[1]
http://bj.lianjia.com/zufang/haidian/ra9rp7/,[1]
http://bj.lianjia.com/zufang/fengtai/ra1rp1/,[1]
http://bj.lianjia.com/zufang/fengtai/ra1rp2/,[1]
http://bj.lianjia.com/zufang/fengtai/ra1rp3/,[1]
http://bj.lianjia.com/zufang/fengtai/ra1rp4/,[1]
http://bj.lianjia.com/zufang/fengtai/ra1rp5/,[1]
http://bj.lianjia.com/zufang/fengtai/ra1rp6/,[1]
http://bj.lianjia.com/zufang/fengtai/ra1rp7/,[1]
http://bj.lianjia.com/zufang/fengtai/ra2rp1/,[1]
http://bj.lianjia.com/zufang/fengtai/ra2rp2/,[1]
http://bj.lianjia.com/zufang/fengtai/ra2rp3/,[1]
http://bj.lianjia.com/zufang/fengtai/ra2rp4/,[1]
http://bj.lianjia.com/zufang/fengtai/ra2rp5/,[1]
http://bj.lianjia.com/zufang/fengtai/ra2rp6/,[1]
http://bj.lianjia.com/zufang/fengtai/ra2rp7/,[1]
http://bj.lianjia.com/zufang/fengtai/ra3rp1/,[1]
http://bj.lianjia.com/zufang/fengtai/ra3rp2/,[1]
http://bj.lianjia.com/zufang/fengtai/ra3rp3/,[1]
http://bj.lianjia.com/zufang/fengtai/ra3rp4/,[1]
http://bj.lianjia.com/zufang/fengtai/ra3rp5/,[1]
http://bj.lianjia.com/zufang/fengtai/ra3rp6/,[1]
http://bj.lianjia.com/zufang/fengtai/ra3rp7/,[1]
http://bj.lianjia.com/zufang/fengtai/ra4rp1/,[1]
http://bj.lianjia.com/zufang/fengtai/ra4rp2/,[1]
http://bj.lianjia.com/zufang/fengtai/ra4rp3/,[1]
http://bj.lianjia.com/zufang/fengtai/ra4rp4/,[1]
http://bj.lianjia.com/zufang/fengtai/ra4rp5/,[1]
http://bj.lianjia.com/zufang/fengtai/ra4rp6/,[1]
http://bj.lianjia.com/zufang/fengtai/ra4rp7/,[1]
http://bj.lianjia.com/zufang/fengtai/ra5rp1/,[1]
http://bj.lianjia.com/zufang/fengtai/ra5rp2/,[1]
http://bj.lianjia.com/zufang/fengtai/ra5rp3/,[1]
http://bj.lianjia.com/zufang/fengtai/ra5rp4/,[1]
http://bj.lianjia.com/zufang/fengtai/ra5rp5/,[1]
http://bj.lianjia.com/zufang/fengtai/ra5rp6/,[1]
http://bj.lianjia.com/zufang/fengtai/ra5rp7/,[1]
http://bj.lianjia.com/zufang/fengtai/ra6rp2/,[1]
http://bj.lianjia.com/zufang/fengtai/ra6rp3/,[1]
http://bj.lianjia.com/zufang/fengtai/ra6rp4/,[1]
http://bj.lianjia.com/zufang/fengtai/ra6rp5/,[1]
http://bj.lianjia.com/zufang/fengtai/ra6rp6/,[1]
http://bj.lianjia.com/zufang/fengtai/ra6rp7/,[1]
http://bj.lianjia.com/zufang/fengtai/ra7rp2/,[1]
http://bj.lianjia.com/zufang/fengtai/ra7rp3/,[1]
http://bj.lianjia.com/zufang/fengtai/ra7rp5/,[1]
http://bj.lianjia.com/zufang/fengtai/ra7rp6/,[1]
http://bj.lianjia.com/zufang/fengtai/ra7rp7/,[1]
http://bj.lianjia.com/zufang/fengtai/ra8rp4/,[1]
http://bj.lianjia.com/zufang/fengtai/ra8rp5/,[1]
http://bj.lianjia.com/zufang/fengtai/ra8rp7/,[1]
http://bj.lianjia.com/zufang/fengtai/ra9rp5/,[1]
http://bj.lianjia.com/zufang/fengtai/ra9rp7/,[1]
http://bj.lianjia.com/zufang/shijingshan/ra1rp1/,[1]
http://bj.lianjia.com/zufang/shijingshan/ra1rp2/,[1]
http://bj.lianjia.com/zufang/shijingshan/ra1rp3/,[1]
http://bj.lianjia.com/zufang/shijingshan/ra1rp4/,[1]
http://bj.lianjia.com/zufang/shijingshan/ra1rp7/,[1]
http://bj.lianjia.com/zufang/shijingshan/ra2rp1/,[1]
http://bj.lianjia.com/zufang/shijingshan/ra2rp2/,[1]
http://bj.lianjia.com/zufang/shijingshan/ra2rp3/,[1]
http://bj.lianjia.com/zufang/shijingshan/ra2rp4/,[1]
http://bj.lianjia.com/zufang/shijingshan/ra2rp5/,[1]
http://bj.lianjia.com/zufang/shijingshan/ra2rp6/,[1]
http://bj.lianjia.com/zufang/shijingshan/ra2rp7/,[1]
http://bj.lianjia.com/zufang/shijingshan/ra3rp2/,[1]
http://bj.lianjia.com/zufang/shijingshan/ra3rp3/,[1]
http://bj.lianjia.com/zufang/shijingshan/ra3rp4/,[1]
http://bj.lianjia.com/zufang/shijingshan/ra3rp5/,[1]
http://bj.lianjia.com/zufang/shijingshan/ra3rp6/,[1]
http://bj.lianjia.com/zufang/shijingshan/ra3rp7/,[1]
http://bj.lianjia.com/zufang/shijingshan/ra4rp1/,[1]
http://bj.lianjia.com/zufang/shijingshan/ra4rp2/,[1]
http://bj.lianjia.com/zufang/shijingshan/ra4rp3/,[1]
http://bj.lianjia.com/zufang/shijingshan/ra4rp4/,[1]
http://bj.lianjia.com/zufang/shijingshan/ra4rp5/,[1]
http://bj.lianjia.com/zufang/shijingshan/ra4rp6/,[1]
http://bj.lianjia.com/zufang/shijingshan/ra4rp7/,[1]
http://bj.lianjia.com/zufang/shijingshan/ra5rp2/,[1]
http://bj.lianjia.com/zufang/shijingshan/ra5rp3/,[1]
http://bj.lianjia.com/zufang/shijingshan/ra5rp4/,[1]
http://bj.lianjia.com/zufang/shijingshan/ra5rp5/,[1]
http://bj.lianjia.com/zufang/shijingshan/ra5rp6/,[1]
http://bj.lianjia.com/zufang/shijingshan/ra5rp7/,[1]
http://bj.lianjia.com/zufang/shijingshan/ra6rp5/,[1]
http://bj.lianjia.com/zufang/shijingshan/ra6rp6/,[1]
http://bj.lianjia.com/zufang/shijingshan/ra6rp7/,[1]
http://bj.lianjia.com/zufang/shijingshan/ra7rp3/,[1]
http://bj.lianjia.com/zufang/shijingshan/ra7rp7/,[1]
http://bj.lianjia.com/zufang/shijingshan/ra8rp7/,[1]
http://bj.lianjia.com/zufang/shijingshan/ra9rp7/,[1]
http://bj.lianjia.com/zufang/tongzhou/ra1rp1/,[1]
http://bj.lianjia.com/zufang/tongzhou/ra1rp2/,[1]
http://bj.lianjia.com/zufang/tongzhou/ra1rp3/,[1]
http://bj.lianjia.com/zufang/tongzhou/ra1rp4/,[1]
http://bj.lianjia.com/zufang/tongzhou/ra2rp1/,[1]
http://bj.lianjia.com/zufang/tongzhou/ra2rp2/,[1]
http://bj.lianjia.com/zufang/tongzhou/ra2rp3/,[1]
http://bj.lianjia.com/zufang/tongzhou/ra2rp4/,[1]
http://bj.lianjia.com/zufang/tongzhou/ra2rp5/,[1]
http://bj.lianjia.com/zufang/tongzhou/ra2rp6/,[1]
http://bj.lianjia.com/zufang/tongzhou/ra2rp7/,[1]
http://bj.lianjia.com/zufang/tongzhou/ra3rp1/,[1]
http://bj.lianjia.com/zufang/tongzhou/ra3rp2/,[1]
http://bj.lianjia.com/zufang/tongzhou/ra3rp3/,[1]
http://bj.lianjia.com/zufang/tongzhou/ra3rp4/,[1]
http://bj.lianjia.com/zufang/tongzhou/ra3rp5/,[1]
http://bj.lianjia.com/zufang/tongzhou/ra3rp6/,[1]
http://bj.lianjia.com/zufang/tongzhou/ra3rp7/,[1]
http://bj.lianjia.com/zufang/tongzhou/ra4rp1/,[1]
http://bj.lianjia.com/zufang/tongzhou/ra4rp2/,[1]
http://bj.lianjia.com/zufang/tongzhou/ra4rp3/,[1]
http://bj.lianjia.com/zufang/tongzhou/ra4rp4/,[1]
http://bj.lianjia.com/zufang/tongzhou/ra4rp5/,[1]
http://bj.lianjia.com/zufang/tongzhou/ra4rp6/,[1]
http://bj.lianjia.com/zufang/tongzhou/ra4rp7/,[1]
http://bj.lianjia.com/zufang/tongzhou/ra5rp1/,[1]
http://bj.lianjia.com/zufang/tongzhou/ra5rp2/,[1]
http://bj.lianjia.com/zufang/tongzhou/ra5rp3/,[1]
http://bj.lianjia.com/zufang/tongzhou/ra5rp4/,[1]
http://bj.lianjia.com/zufang/tongzhou/ra5rp5/,[1]
http://bj.lianjia.com/zufang/tongzhou/ra5rp6/,[1]
http://bj.lianjia.com/zufang/tongzhou/ra5rp7/,[1]
http://bj.lianjia.com/zufang/tongzhou/ra6rp1/,[1]
http://bj.lianjia.com/zufang/tongzhou/ra6rp2/,[1]
http://bj.lianjia.com/zufang/tongzhou/ra6rp3/,[1]
http://bj.lianjia.com/zufang/tongzhou/ra6rp4/,[1]
http://bj.lianjia.com/zufang/tongzhou/ra6rp5/,[1]
http://bj.lianjia.com/zufang/tongzhou/ra6rp6/,[1]
http://bj.lianjia.com/zufang/tongzhou/ra6rp7/,[1]
http://bj.lianjia.com/zufang/tongzhou/ra7rp1/,[1]
http://bj.lianjia.com/zufang/tongzhou/ra7rp2/,[1]
http://bj.lianjia.com/zufang/tongzhou/ra7rp3/,[1]
http://bj.lianjia.com/zufang/tongzhou/ra7rp4/,[1]
http://bj.lianjia.com/zufang/tongzhou/ra7rp5/,[1]
http://bj.lianjia.com/zufang/tongzhou/ra7rp6/,[1]
http://bj.lianjia.com/zufang/tongzhou/ra7rp7/,[1]
http://bj.lianjia.com/zufang/tongzhou/ra8rp1/,[1]
http://bj.lianjia.com/zufang/tongzhou/ra8rp2/,[1]
http://bj.lianjia.com/zufang/tongzhou/ra8rp4/,[1]
http://bj.lianjia.com/zufang/tongzhou/ra8rp5/,[1]
http://bj.lianjia.com/zufang/tongzhou/ra8rp6/,[1]
http://bj.lianjia.com/zufang/tongzhou/ra8rp7/,[1]
http://bj.lianjia.com/zufang/tongzhou/ra9rp1/,[1]
http://bj.lianjia.com/zufang/tongzhou/ra9rp4/,[1]
http://bj.lianjia.com/zufang/tongzhou/ra9rp5/,[1]
http://bj.lianjia.com/zufang/tongzhou/ra9rp6/,[1]
http://bj.lianjia.com/zufang/tongzhou/ra9rp7/,[1]
http://bj.lianjia.com/zufang/changping/ra1rp1/,[1]
http://bj.lianjia.com/zufang/changping/ra1rp2/,[1]
http://bj.lianjia.com/zufang/changping/ra1rp3/,[1]
http://bj.lianjia.com/zufang/changping/ra1rp4/,[1]
http://bj.lianjia.com/zufang/changping/ra2rp2/,[1]
http://bj.lianjia.com/zufang/changping/ra2rp3/,[1]
http://bj.lianjia.com/zufang/changping/ra2rp4/,[1]
http://bj.lianjia.com/zufang/changping/ra2rp5/,[1]
http://bj.lianjia.com/zufang/changping/ra2rp6/,[1]
http://bj.lianjia.com/zufang/changping/ra2rp7/,[1]
http://bj.lianjia.com/zufang/changping/ra3rp2/,[1]
http://bj.lianjia.com/zufang/changping/ra3rp3/,[1]
http://bj.lianjia.com/zufang/changping/ra3rp4/,[1]
http://bj.lianjia.com/zufang/changping/ra3rp5/,[1]
http://bj.lianjia.com/zufang/changping/ra3rp6/,[1]
http://bj.lianjia.com/zufang/changping/ra3rp7/,[1]
http://bj.lianjia.com/zufang/changping/ra4rp1/,[1]
http://bj.lianjia.com/zufang/changping/ra4rp2/,[1]
http://bj.lianjia.com/zufang/changping/ra4rp3/,[1]
http://bj.lianjia.com/zufang/changping/ra4rp4/,[1]
http://bj.lianjia.com/zufang/changping/ra4rp5/,[1]
http://bj.lianjia.com/zufang/changping/ra4rp6/,[1]
http://bj.lianjia.com/zufang/changping/ra4rp7/,[1]
http://bj.lianjia.com/zufang/changping/ra5rp1/,[1]
http://bj.lianjia.com/zufang/changping/ra5rp2/,[1]
http://bj.lianjia.com/zufang/changping/ra5rp3/,[1]
http://bj.lianjia.com/zufang/changping/ra5rp4/,[1]
http://bj.lianjia.com/zufang/changping/ra5rp5/,[1]
http://bj.lianjia.com/zufang/changping/ra5rp6/,[1]
http://bj.lianjia.com/zufang/changping/ra5rp7/,[1]
http://bj.lianjia.com/zufang/changping/ra6rp2/,[1]
http://bj.lianjia.com/zufang/changping/ra6rp3/,[1]
http://bj.lianjia.com/zufang/changping/ra6rp4/,[1]
http://bj.lianjia.com/zufang/changping/ra6rp5/,[1]
http://bj.lianjia.com/zufang/changping/ra6rp6/,[1]
http://bj.lianjia.com/zufang/changping/ra6rp7/,[1]
http://bj.lianjia.com/zufang/changping/ra7rp2/,[1]
http://bj.lianjia.com/zufang/changping/ra7rp3/,[1]
http://bj.lianjia.com/zufang/changping/ra7rp4/,[1]
http://bj.lianjia.com/zufang/changping/ra7rp5/,[1]
http://bj.lianjia.com/zufang/changping/ra7rp6/,[1]
http://bj.lianjia.com/zufang/changping/ra7rp7/,[1]
http://bj.lianjia.com/zufang/changping/ra8rp1/,[1]
http://bj.lianjia.com/zufang/changping/ra8rp2/,[1]
http://bj.lianjia.com/zufang/changping/ra8rp3/,[1]
http://bj.lianjia.com/zufang/changping/ra8rp4/,[1]
http://bj.lianjia.com/zufang/changping/ra8rp5/,[1]
http://bj.lianjia.com/zufang/changping/ra8rp6/,[1]
http://bj.lianjia.com/zufang/changping/ra8rp7/,[1]
http://bj.lianjia.com/zufang/changping/ra9rp3/,[1]
http://bj.lianjia.com/zufang/changping/ra9rp5/,[1]
http://bj.lianjia.com/zufang/changping/ra9rp6/,[1]
http://bj.lianjia.com/zufang/changping/ra9rp7/,[1]
http://bj.lianjia.com/zufang/daxing/ra1rp1/,[1]
http://bj.lianjia.com/zufang/daxing/ra1rp2/,[1]
http://bj.lianjia.com/zufang/daxing/ra1rp3/,[1]
http://bj.lianjia.com/zufang/daxing/ra1rp4/,[1]
http://bj.lianjia.com/zufang/daxing/ra1rp6/,[1]
http://bj.lianjia.com/zufang/daxing/ra1rp7/,[1]
http://bj.lianjia.com/zufang/daxing/ra2rp1/,[1]
http://bj.lianjia.com/zufang/daxing/ra2rp2/,[1]
http://bj.lianjia.com/zufang/daxing/ra2rp3/,[1]
http://bj.lianjia.com/zufang/daxing/ra2rp4/,[1]
http://bj.lianjia.com/zufang/daxing/ra2rp5/,[1]
http://bj.lianjia.com/zufang/daxing/ra2rp6/,[1]
http://bj.lianjia.com/zufang/daxing/ra2rp7/,[1]
http://bj.lianjia.com/zufang/daxing/ra3rp1/,[1]
http://bj.lianjia.com/zufang/daxing/ra3rp2/,[1]
http://bj.lianjia.com/zufang/daxing/ra3rp3/,[1]
http://bj.lianjia.com/zufang/daxing/ra3rp4/,[1]
http://bj.lianjia.com/zufang/daxing/ra3rp5/,[1]
http://bj.lianjia.com/zufang/daxing/ra3rp6/,[1]
http://bj.lianjia.com/zufang/daxing/ra3rp7/,[1]
http://bj.lianjia.com/zufang/daxing/ra4rp1/,[1]
http://bj.lianjia.com/zufang/daxing/ra4rp2/,[1]
http://bj.lianjia.com/zufang/daxing/ra4rp3/,[1]
http://bj.lianjia.com/zufang/daxing/ra4rp4/,[1]
http://bj.lianjia.com/zufang/daxing/ra4rp5/,[1]
http://bj.lianjia.com/zufang/daxing/ra4rp6/,[1]
http://bj.lianjia.com/zufang/daxing/ra4rp7/,[1]
http://bj.lianjia.com/zufang/daxing/ra5rp1/,[1]
http://bj.lianjia.com/zufang/daxing/ra5rp2/,[1]
http://bj.lianjia.com/zufang/daxing/ra5rp3/,[1]
http://bj.lianjia.com/zufang/daxing/ra5rp4/,[1]
http://bj.lianjia.com/zufang/daxing/ra5rp5/,[1]
http://bj.lianjia.com/zufang/daxing/ra5rp6/,[1]
http://bj.lianjia.com/zufang/daxing/ra5rp7/,[1]
http://bj.lianjia.com/zufang/daxing/ra6rp2/,[1]
http://bj.lianjia.com/zufang/daxing/ra6rp3/,[1]
http://bj.lianjia.com/zufang/daxing/ra6rp4/,[1]
http://bj.lianjia.com/zufang/daxing/ra6rp5/,[1]
http://bj.lianjia.com/zufang/daxing/ra6rp6/,[1]
http://bj.lianjia.com/zufang/daxing/ra6rp7/,[1]
http://bj.lianjia.com/zufang/daxing/ra7rp2/,[1]
http://bj.lianjia.com/zufang/daxing/ra7rp3/,[1]
http://bj.lianjia.com/zufang/daxing/ra7rp4/,[1]
http://bj.lianjia.com/zufang/daxing/ra7rp5/,[1]
http://bj.lianjia.com/zufang/daxing/ra7rp6/,[1]
http://bj.lianjia.com/zufang/daxing/ra7rp7/,[1]
http://bj.lianjia.com/zufang/daxing/ra8rp1/,[1]
http://bj.lianjia.com/zufang/daxing/ra8rp4/,[1]
http://bj.lianjia.com/zufang/daxing/ra8rp5/,[1]
http://bj.lianjia.com/zufang/daxing/ra8rp6/,[1]
http://bj.lianjia.com/zufang/daxing/ra8rp7/,[1]
http://bj.lianjia.com/zufang/daxing/ra9rp2/,[1]
http://bj.lianjia.com/zufang/daxing/ra9rp5/,[1]
http://bj.lianjia.com/zufang/daxing/ra9rp6/,[1]
http://bj.lianjia.com/zufang/daxing/ra9rp7/,[1]
http://bj.lianjia.com/zufang/yizhuangkaifaqu/ra1rp1/,[1]
http://bj.lianjia.com/zufang/yizhuangkaifaqu/ra1rp2/,[1]
http://bj.lianjia.com/zufang/yizhuangkaifaqu/ra2rp2/,[1]
http://bj.lianjia.com/zufang/yizhuangkaifaqu/ra2rp3/,[1]
http://bj.lianjia.com/zufang/yizhuangkaifaqu/ra2rp4/,[1]
http://bj.lianjia.com/zufang/yizhuangkaifaqu/ra2rp5/,[1]
http://bj.lianjia.com/zufang/yizhuangkaifaqu/ra2rp6/,[1]
http://bj.lianjia.com/zufang/yizhuangkaifaqu/ra2rp7/,[1]
http://bj.lianjia.com/zufang/yizhuangkaifaqu/ra3rp2/,[1]
http://bj.lianjia.com/zufang/yizhuangkaifaqu/ra3rp3/,[1]
http://bj.lianjia.com/zufang/yizhuangkaifaqu/ra3rp4/,[1]
http://bj.lianjia.com/zufang/yizhuangkaifaqu/ra3rp5/,[1]
http://bj.lianjia.com/zufang/yizhuangkaifaqu/ra3rp6/,[1]
http://bj.lianjia.com/zufang/yizhuangkaifaqu/ra3rp7/,[1]
http://bj.lianjia.com/zufang/yizhuangkaifaqu/ra4rp2/,[1]
http://bj.lianjia.com/zufang/yizhuangkaifaqu/ra4rp3/,[1]
http://bj.lianjia.com/zufang/yizhuangkaifaqu/ra4rp4/,[1]
http://bj.lianjia.com/zufang/yizhuangkaifaqu/ra4rp5/,[1]
http://bj.lianjia.com/zufang/yizhuangkaifaqu/ra4rp6/,[1]
http://bj.lianjia.com/zufang/yizhuangkaifaqu/ra4rp7/,[1]
http://bj.lianjia.com/zufang/yizhuangkaifaqu/ra5rp2/,[1]
http://bj.lianjia.com/zufang/yizhuangkaifaqu/ra5rp3/,[1]
http://bj.lianjia.com/zufang/yizhuangkaifaqu/ra5rp4/,[1]
http://bj.lianjia.com/zufang/yizhuangkaifaqu/ra5rp5/,[1]
http://bj.lianjia.com/zufang/yizhuangkaifaqu/ra5rp6/,[1]
http://bj.lianjia.com/zufang/yizhuangkaifaqu/ra5rp7/,[1]
http://bj.lianjia.com/zufang/yizhuangkaifaqu/ra6rp4/,[1]
http://bj.lianjia.com/zufang/yizhuangkaifaqu/ra6rp5/,[1]
http://bj.lianjia.com/zufang/yizhuangkaifaqu/ra6rp6/,[1]
http://bj.lianjia.com/zufang/yizhuangkaifaqu/ra6rp7/,[1]
http://bj.lianjia.com/zufang/yizhuangkaifaqu/ra7rp5/,[1]
http://bj.lianjia.com/zufang/yizhuangkaifaqu/ra7rp6/,[1]
http://bj.lianjia.com/zufang/yizhuangkaifaqu/ra7rp7/,[1]
http://bj.lianjia.com/zufang/yizhuangkaifaqu/ra8rp4/,[1]
http://bj.lianjia.com/zufang/yizhuangkaifaqu/ra8rp5/,[1]
http://bj.lianjia.com/zufang/yizhuangkaifaqu/ra8rp6/,[1]
http://bj.lianjia.com/zufang/yizhuangkaifaqu/ra8rp7/,[1]
http://bj.lianjia.com/zufang/yizhuangkaifaqu/ra9rp5/,[1]
http://bj.lianjia.com/zufang/yizhuangkaifaqu/ra9rp6/,[1]
http://bj.lianjia.com/zufang/yizhuangkaifaqu/ra9rp7/,[1]
http://bj.lianjia.com/zufang/shunyi/ra1rp1/,[1]
http://bj.lianjia.com/zufang/shunyi/ra1rp2/,[1]
http://bj.lianjia.com/zufang/shunyi/ra1rp3/,[1]
http://bj.lianjia.com/zufang/shunyi/ra2rp1/,[1]
http://bj.lianjia.com/zufang/shunyi/ra2rp2/,[1]
http://bj.lianjia.com/zufang/shunyi/ra2rp3/,[1]
http://bj.lianjia.com/zufang/shunyi/ra2rp4/,[1]
http://bj.lianjia.com/zufang/shunyi/ra2rp6/,[1]
http://bj.lianjia.com/zufang/shunyi/ra3rp1/,[1]
http://bj.lianjia.com/zufang/shunyi/ra3rp2/,[1]
http://bj.lianjia.com/zufang/shunyi/ra3rp3/,[1]
http://bj.lianjia.com/zufang/shunyi/ra3rp4/,[1]
http://bj.lianjia.com/zufang/shunyi/ra3rp5/,[1]
http://bj.lianjia.com/zufang/shunyi/ra3rp6/,[1]
http://bj.lianjia.com/zufang/shunyi/ra3rp7/,[1]
http://bj.lianjia.com/zufang/shunyi/ra4rp1/,[1]
http://bj.lianjia.com/zufang/shunyi/ra4rp2/,[1]
http://bj.lianjia.com/zufang/shunyi/ra4rp3/,[1]
http://bj.lianjia.com/zufang/shunyi/ra4rp4/,[1]
http://bj.lianjia.com/zufang/shunyi/ra4rp5/,[1]
http://bj.lianjia.com/zufang/shunyi/ra4rp6/,[1]
http://bj.lianjia.com/zufang/shunyi/ra4rp7/,[1]
http://bj.lianjia.com/zufang/shunyi/ra5rp1/,[1]
http://bj.lianjia.com/zufang/shunyi/ra5rp2/,[1]
http://bj.lianjia.com/zufang/shunyi/ra5rp3/,[1]
http://bj.lianjia.com/zufang/shunyi/ra5rp4/,[1]
http://bj.lianjia.com/zufang/shunyi/ra5rp5/,[1]
http://bj.lianjia.com/zufang/shunyi/ra5rp6/,[1]
http://bj.lianjia.com/zufang/shunyi/ra5rp7/,[1]
http://bj.lianjia.com/zufang/shunyi/ra6rp1/,[1]
http://bj.lianjia.com/zufang/shunyi/ra6rp2/,[1]
http://bj.lianjia.com/zufang/shunyi/ra6rp3/,[1]
http://bj.lianjia.com/zufang/shunyi/ra6rp4/,[1]
http://bj.lianjia.com/zufang/shunyi/ra6rp5/,[1]
http://bj.lianjia.com/zufang/shunyi/ra6rp6/,[1]
http://bj.lianjia.com/zufang/shunyi/ra6rp7/,[1]
http://bj.lianjia.com/zufang/shunyi/ra7rp1/,[1]
http://bj.lianjia.com/zufang/shunyi/ra7rp2/,[1]
http://bj.lianjia.com/zufang/shunyi/ra7rp3/,[1]
http://bj.lianjia.com/zufang/shunyi/ra7rp4/,[1]
http://bj.lianjia.com/zufang/shunyi/ra7rp5/,[1]
http://bj.lianjia.com/zufang/shunyi/ra7rp6/,[1]
http://bj.lianjia.com/zufang/shunyi/ra7rp7/,[1]
http://bj.lianjia.com/zufang/shunyi/ra8rp3/,[1]
http://bj.lianjia.com/zufang/shunyi/ra8rp4/,[1]
http://bj.lianjia.com/zufang/shunyi/ra8rp5/,[1]
http://bj.lianjia.com/zufang/shunyi/ra8rp6/,[1]
http://bj.lianjia.com/zufang/shunyi/ra8rp7/,[1]
http://bj.lianjia.com/zufang/shunyi/ra9rp5/,[1]
http://bj.lianjia.com/zufang/shunyi/ra9rp6/,[1]
http://bj.lianjia.com/zufang/shunyi/ra9rp7/,[1]
http://bj.lianjia.com/zufang/fangshan/ra1rp1/,[1]
http://bj.lianjia.com/zufang/fangshan/ra1rp2/,[1]
http://bj.lianjia.com/zufang/fangshan/ra1rp3/,[1]
http://bj.lianjia.com/zufang/fangshan/ra2rp1/,[1]
http://bj.lianjia.com/zufang/fangshan/ra2rp2/,[1]
http://bj.lianjia.com/zufang/fangshan/ra2rp3/,[1]
http://bj.lianjia.com/zufang/fangshan/ra2rp4/,[1]
http://bj.lianjia.com/zufang/fangshan/ra3rp2/,[1]
http://bj.lianjia.com/zufang/fangshan/ra3rp3/,[1]
http://bj.lianjia.com/zufang/fangshan/ra3rp4/,[1]
http://bj.lianjia.com/zufang/fangshan/ra3rp5/,[1]
http://bj.lianjia.com/zufang/fangshan/ra3rp7/,[1]
http://bj.lianjia.com/zufang/fangshan/ra4rp1/,[1]
http://bj.lianjia.com/zufang/fangshan/ra4rp2/,[1]
http://bj.lianjia.com/zufang/fangshan/ra4rp3/,[1]
http://bj.lianjia.com/zufang/fangshan/ra4rp4/,[1]
http://bj.lianjia.com/zufang/fangshan/ra4rp5/,[1]
http://bj.lianjia.com/zufang/fangshan/ra4rp7/,[1]
http://bj.lianjia.com/zufang/fangshan/ra5rp1/,[1]
http://bj.lianjia.com/zufang/fangshan/ra5rp2/,[1]
http://bj.lianjia.com/zufang/fangshan/ra5rp3/,[1]
http://bj.lianjia.com/zufang/fangshan/ra5rp4/,[1]
http://bj.lianjia.com/zufang/fangshan/ra5rp5/,[1]
http://bj.lianjia.com/zufang/fangshan/ra5rp6/,[1]
http://bj.lianjia.com/zufang/fangshan/ra5rp7/,[1]
http://bj.lianjia.com/zufang/fangshan/ra6rp2/,[1]
http://bj.lianjia.com/zufang/fangshan/ra6rp3/,[1]
http://bj.lianjia.com/zufang/fangshan/ra6rp4/,[1]
http://bj.lianjia.com/zufang/fangshan/ra6rp5/,[1]
http://bj.lianjia.com/zufang/fangshan/ra6rp6/,[1]
http://bj.lianjia.com/zufang/fangshan/ra6rp7/,[1]
http://bj.lianjia.com/zufang/fangshan/ra7rp1/,[1]
http://bj.lianjia.com/zufang/fangshan/ra7rp3/,[1]
http://bj.lianjia.com/zufang/fangshan/ra7rp4/,[1]
http://bj.lianjia.com/zufang/fangshan/ra7rp5/,[1]
http://bj.lianjia.com/zufang/fangshan/ra7rp6/,[1]
http://bj.lianjia.com/zufang/fangshan/ra7rp7/,[1]
http://bj.lianjia.com/zufang/fangshan/ra8rp3/,[1]
http://bj.lianjia.com/zufang/fangshan/ra8rp4/,[1]
http://bj.lianjia.com/zufang/fangshan/ra8rp5/,[1]
http://bj.lianjia.com/zufang/fangshan/ra8rp6/,[1]
http://bj.lianjia.com/zufang/fangshan/ra8rp7/,[1]
http://bj.lianjia.com/zufang/fangshan/ra9rp2/,[1]
http://bj.lianjia.com/zufang/fangshan/ra9rp3/,[1]
http://bj.lianjia.com/zufang/fangshan/ra9rp4/,[1]
http://bj.lianjia.com/zufang/fangshan/ra9rp5/,[1]
http://bj.lianjia.com/zufang/fangshan/ra9rp6/,[1]
http://bj.lianjia.com/zufang/fangshan/ra9rp7/,[1]
http://bj.lianjia.com/zufang/mentougou/ra1rp2/,[1]
http://bj.lianjia.com/zufang/mentougou/ra2rp1/,[1]
http://bj.lianjia.com/zufang/mentougou/ra2rp2/,[1]
http://bj.lianjia.com/zufang/mentougou/ra2rp3/,[1]
http://bj.lianjia.com/zufang/mentougou/ra2rp6/,[1]
http://bj.lianjia.com/zufang/mentougou/ra3rp1/,[1]
http://bj.lianjia.com/zufang/mentougou/ra3rp2/,[1]
http://bj.lianjia.com/zufang/mentougou/ra3rp3/,[1]
http://bj.lianjia.com/zufang/mentougou/ra3rp4/,[1]
http://bj.lianjia.com/zufang/mentougou/ra3rp5/,[1]
http://bj.lianjia.com/zufang/mentougou/ra3rp6/,[1]
http://bj.lianjia.com/zufang/mentougou/ra3rp7/,[1]
http://bj.lianjia.com/zufang/mentougou/ra4rp1/,[1]
http://bj.lianjia.com/zufang/mentougou/ra4rp2/,[1]
http://bj.lianjia.com/zufang/mentougou/ra4rp3/,[1]
http://bj.lianjia.com/zufang/mentougou/ra4rp4/,[1]
http://bj.lianjia.com/zufang/mentougou/ra4rp5/,[1]
http://bj.lianjia.com/zufang/mentougou/ra4rp7/,[1]
http://bj.lianjia.com/zufang/mentougou/ra5rp2/,[1]
http://bj.lianjia.com/zufang/mentougou/ra5rp3/,[1]
http://bj.lianjia.com/zufang/mentougou/ra5rp4/,[1]
http://bj.lianjia.com/zufang/mentougou/ra5rp5/,[1]
http://bj.lianjia.com/zufang/mentougou/ra6rp3/,[1]
http://bj.lianjia.com/zufang/mentougou/ra6rp4/,[1]
http://bj.lianjia.com/zufang/mentougou/ra6rp5/,[1]
http://bj.lianjia.com/zufang/mentougou/ra6rp6/,[1]
http://bj.lianjia.com/zufang/mentougou/ra6rp7/,[1]
http://bj.lianjia.com/zufang/mentougou/ra7rp3/,[1]
http://bj.lianjia.com/zufang/mentougou/ra7rp4/,[1]
http://bj.lianjia.com/zufang/mentougou/ra7rp5/,[1]
http://bj.lianjia.com/zufang/mentougou/ra7rp6/,[1]
http://bj.lianjia.com/zufang/mentougou/ra7rp7/,[1]
http://bj.lianjia.com/zufang/mentougou/ra8rp4/,[1]
http://bj.lianjia.com/zufang/mentougou/ra8rp5/,[1]
http://bj.lianjia.com/zufang/mentougou/ra8rp7/,[1]
http://bj.lianjia.com/zufang/mentougou/ra9rp6/,[1]
http://bj.lianjia.com/zufang/mentougou/ra9rp7/,[1]
http://bj.lianjia.com/zufang/yanjiao/ra1rp1/,[1]
http://bj.lianjia.com/zufang/yanjiao/ra1rp3/,[1]
http://bj.lianjia.com/zufang/yanjiao/ra2rp1/,[1]
http://bj.lianjia.com/zufang/yanjiao/ra2rp2/,[1]
http://bj.lianjia.com/zufang/yanjiao/ra2rp3/,[1]
http://bj.lianjia.com/zufang/yanjiao/ra2rp4/,[1]
http://bj.lianjia.com/zufang/yanjiao/ra2rp7/,[1]
http://bj.lianjia.com/zufang/yanjiao/ra3rp1/,[1]
http://bj.lianjia.com/zufang/yanjiao/ra3rp2/,[2]
http://bj.lianjia.com/zufang/yanjiao/ra3rp3/,[1]
http://bj.lianjia.com/zufang/yanjiao/ra3rp4/,[1]
http://bj.lianjia.com/zufang/yanjiao/ra3rp7/,[1]
http://bj.lianjia.com/zufang/yanjiao/ra4rp1/,[1]
http://bj.lianjia.com/zufang/yanjiao/ra4rp2/,[4]
http://bj.lianjia.com/zufang/yanjiao/ra4rp3/,[2]
http://bj.lianjia.com/zufang/yanjiao/ra4rp4/,[1]
http://bj.lianjia.com/zufang/yanjiao/ra4rp5/,[1]
http://bj.lianjia.com/zufang/yanjiao/ra4rp7/,[1]
http://bj.lianjia.com/zufang/yanjiao/ra5rp1/,[1]
http://bj.lianjia.com/zufang/yanjiao/ra5rp2/,[2]
http://bj.lianjia.com/zufang/yanjiao/ra5rp3/,[2]
http://bj.lianjia.com/zufang/yanjiao/ra5rp4/,[1]
http://bj.lianjia.com/zufang/yanjiao/ra5rp5/,[1]
http://bj.lianjia.com/zufang/yanjiao/ra5rp6/,[1]
http://bj.lianjia.com/zufang/yanjiao/ra5rp7/,[1]
http://bj.lianjia.com/zufang/yanjiao/ra6rp1/,[1]
http://bj.lianjia.com/zufang/yanjiao/ra6rp2/,[1]
http://bj.lianjia.com/zufang/yanjiao/ra6rp3/,[1]
http://bj.lianjia.com/zufang/yanjiao/ra6rp4/,[1]
http://bj.lianjia.com/zufang/yanjiao/ra6rp5/,[1]
http://bj.lianjia.com/zufang/yanjiao/ra6rp6/,[1]
http://bj.lianjia.com/zufang/yanjiao/ra6rp7/,[1]
http://bj.lianjia.com/zufang/yanjiao/ra7rp1/,[1]
http://bj.lianjia.com/zufang/yanjiao/ra7rp2/,[1]
http://bj.lianjia.com/zufang/yanjiao/ra7rp3/,[1]
http://bj.lianjia.com/zufang/yanjiao/ra7rp4/,[1]
http://bj.lianjia.com/zufang/yanjiao/ra7rp5/,[1]
http://bj.lianjia.com/zufang/yanjiao/ra7rp6/,[1]
http://bj.lianjia.com/zufang/yanjiao/ra7rp7/,[1]
http://bj.lianjia.com/zufang/yanjiao/ra8rp1/,[1]
http://bj.lianjia.com/zufang/yanjiao/ra8rp2/,[1]
http://bj.lianjia.com/zufang/yanjiao/ra8rp3/,[1]
http://bj.lianjia.com/zufang/yanjiao/ra8rp4/,[1]
http://bj.lianjia.com/zufang/yanjiao/ra8rp5/,[1]
http://bj.lianjia.com/zufang/yanjiao/ra8rp6/,[1]
http://bj.lianjia.com/zufang/yanjiao/ra8rp7/,[1]
http://bj.lianjia.com/zufang/yanjiao/ra9rp1/,[1]
http://bj.lianjia.com/zufang/yanjiao/ra9rp2/,[1]
http://bj.lianjia.com/zufang/yanjiao/ra9rp3/,[1]
http://bj.lianjia.com/zufang/yanjiao/ra9rp4/,[1]
http://bj.lianjia.com/zufang/yanjiao/ra9rp5/,[1]
http://bj.lianjia.com/zufang/yanjiao/ra9rp6/,[1]
http://bj.lianjia.com/zufang/yanjiao/ra9rp7/,[1]
